model,effort,mean_minutes,mean_tokens_millions,code_quality,readability,maintainability,intent,judged
gpt61sol,low,6.8900,1.2399,70.7870,61.5036,72.7355,80.5670,23
gpt61sol,medium,10.5647,1.6162,70.2482,60.8696,73.3696,78.5911,23
gpt61sol,high,10.2219,0.9081,73.6676,64.7645,76.6304,81.5880,23
gpt61sol,extra-high,15.3716,1.1175,74.9895,66.5761,77.7174,82.5702,23
gpt61sol,max,14.4642,1.0369,73.7979,64.7645,77.6268,80.7374,23
opus55,low,13.6903,2.7716,72.5336,67.1196,73.6413,78.2755,23
opus55,medium,18.6446,5.0123,77.3171,74.6377,79.6196,77.8198,23
opus55,high,21.4192,4.1061,77.9900,75.4735,79.5455,79.2716,22
opus55,extra-high,20.7470,3.8956,79.9809,78.6232,81.5217,79.7366,23
opus55,max,37.5113,8.7235,79.7695,77.5362,81.0688,81.0146,23
astra,low,4.2187,0.8902,70.3092,60.9601,72.9167,79.2980,23
astra,medium,3.8226,0.6842,71.1864,61.6848,74.0036,80.0989,23
astra,high,4.8999,0.7675,73.4751,63.9493,77.1739,81.2446,23
astra,extra-high,8.0905,0.9275,75.4749,67.8442,78.3514,81.8139,23
astra,max,10.2805,0.9499,76.2645,69.1123,79.8007,81.0857,23
