model,effort,runs,judged,timeouts,combined,combined_se,combined_timeouts_zero,passed,priced_runs,mean_usd,mean_minutes
gpt6luna,low,23,23,0,40.8310,2.0415,,0,23,0.027790,5.5576
gpt6luna,medium,23,23,0,45.7192,1.3221,,0,23,0.009535,3.5593
gpt6luna,high,23,23,0,57.3514,3.7954,,2,23,0.051912,15.5904
gpt6luna,extra-high,23,21,2,78.7864,3.0160,71.9354,11,21,0.159686,52.5745
gpt6luna,max,23,19,4,81.4235,2.8822,67.2629,12,19,0.097529,60.5342
luna56,low,23,23,0,41.2869,0.9566,,0,23,0.023996,2.6625
luna56,medium,23,23,0,53.2781,2.9402,,1,23,0.066398,7.3971
luna56,high,23,23,0,71.2160,3.7140,,9,23,0.216769,20.9951
luna56,extra-high,23,23,0,79.1139,3.0681,,13,23,0.274706,25.4294
luna56,max,23,23,0,84.1469,1.3494,,19,23,0.448386,44.0992
