model,effort,usd,usd_total,tokens,minutes
gpt61sol,low,0.305976,7.0374532,1.239929,6.890043
gpt61sol,medium,0.398600,9.167802,1.616235,10.564721
gpt61sol,high,0.330070,7.5916068,0.908059,10.221879
gpt61sol,extra-high,0.434591,9.9955868,1.117538,15.371616
gpt61sol,max,0.458339,10.5417904,1.036949,14.464176
gpt6sol,low,1.019456,23.4474932,3.261059,12.997172
gpt6sol,medium,1.758462,40.444636,6.162215,17.535660
gpt6sol,high,2.330342,53.5978632,8.280192,23.771606
gpt6sol,extra-high,1.996273,45.9142832,6.683897,20.902144
gpt6sol,max,2.520618,57.97422,8.324693,24.493338
sol56,low,1.359168,31.2608624,1.793981,9.775197
sol56,medium,1.715194,39.44946,2.257649,11.051054
sol56,high,2.045316,47.04226,2.828812,12.015965
sol56,extra-high,1.609172,37.010947200000004,1.912564,10.619051
sol56,max,1.773526,40.791091200000004,2.111817,11.605152
