model,effort,passed,fixed,behaviors,functional,minutes
gpt61sol,low,20,225,231,97.173913,6.890043
gpt61sol,medium,22,228,231,98.695652,10.564721
gpt61sol,high,23,231,231,100.000000,10.221879
gpt61sol,extra-high,23,231,231,100.000000,15.371616
gpt61sol,max,23,231,231,100.000000,14.464176
gpt6sol,low,4,163,231,63.271739,12.997172
gpt6sol,medium,13,204,231,85.428261,17.535660
gpt6sol,high,15,212,231,88.670000,23.771606
gpt6sol,extra-high,18,219,231,94.722174,20.902144
gpt6sol,max,19,224,231,96.642609,24.493338
sol56,low,6,158,231,64.772609,9.775197
sol56,medium,12,206,231,89.695217,11.051054
sol56,high,20,223,231,96.676957,12.015965
sol56,extra-high,21,227,231,98.405652,10.619051
sol56,max,22,230,231,99.689565,11.605152
